"","id","measurer","measurer_name","project","project_name","date","measure_date","status","comment","datastatus","dataorigname","fieldstatus","fieldorigname","siteids","errors","processed","valid"
"1",350,14,"jgarciapausas",1,"HoliSoils","2024-06-04T06:54:11.992502Z","2023-05-18","submitted","Llobera","undetermined","2023-05-18_Llobera_EGM5.TXT","invalid","2023-05-18_Llobera_EGM5.xlsx","","Fieldform read error: row 104 has duration < 30 seconds ",TRUE,FALSE
"2",353,14,"jgarciapausas",1,"HoliSoils","2024-06-04T06:57:02.548053Z","2023-06-16","submitted","Llobera","undetermined","2023-06-16_Llobera_EGM5.TXT","invalid","2023-06-16_Llobera_EGM5.xlsx","","Fieldform read error: row 3 has duration < 30 seconds ",TRUE,FALSE
"3",354,14,"jgarciapausas",1,"HoliSoils","2024-06-04T07:16:27.687278Z","2023-06-29","submitted","Secanella","invalid","2023-06-29_Secanella_EGM5.TXT","valid","2023-06-29_Secanella_EGM5.xlsx","","Datafile read error: read_df_egm5: cannot parse Date column ",TRUE,FALSE
"4",345,14,"jgarciapausas",1,"HoliSoils","2024-06-04T06:47:25.030528Z","2023-03-29","submitted","Llobera","invalid","2023-03-29_Llobera_EGM5.TXT","valid","2023-03-29_Llobera_EGM5.xlsx","","Datafile read error: read_df_egm5: error in pandas.read_csv() - Could not determine delimiter",TRUE,FALSE
"5",364,14,"jgarciapausas",1,"HoliSoils","2024-06-04T08:41:55.326066Z","2023-10-10","submitted","Llobera","invalid","2023-10-10_Llobera_EGM5.TXT","valid","2023-10-10_Llobera_EGM5.xlsx","","Datafile read error: read_df_egm5: cannot parse Date column ",TRUE,FALSE
"6",358,14,"jgarciapausas",1,"HoliSoils","2024-06-04T08:05:16.813062Z","2023-08-03","submitted","Llobera","invalid","2023-08-03_Llobera_EGM5.TXT","valid","2023-08-03_Llobera_EGM5.xlsx","","Datafile read error: read_df_egm5: cannot parse Date column ",TRUE,FALSE
"7",862,19,"spulkka",1,"HoliSoils","2024-07-25T07:18:00.936625Z","2024-06-11","submitted","Ränskälänkorpi","valid","2024-06-11_ränskälänkorpi_licor_TG10-01285_surfaces.data.txt","valid","2024-06-11_ränskälänkorpi_licor_tg10-01285_surfaces.xlsx","Ränskälänkorpi","",TRUE,TRUE
"8",1239,19,"spulkka",1,"HoliSoils","2024-09-13T11:37:11.831338Z","2024-09-03","submitted","Ränskälänkorpi","valid","2024-09-03_ranskalankorpi_licor_tg10-01285.txt","valid","2024-09-03_ranskalankorpi_licor_tg10-01285.xlsx","Ränskälänkorpi","",TRUE,TRUE
"9",1179,38,"lmattila",1,"HoliSoils","2024-08-28T05:18:57.909366Z","2024-08-27","submitted","Ränskälänkorpi","valid","2024-08-27_ranskalankorpi_licor_tg10-01285.txt","valid","2024-08-27_ranskalankorpi_licor_tg10-01285.xlsx","Ränskälänkorpi","",TRUE,TRUE
"10",1191,27,"jsuominen",1,"HoliSoils","2024-08-29T13:08:01.168333Z","2024-08-20","retracted","Ränskälänkorpi","valid","2024-08-20_ranskalankorpi_surfaces_licor_tg10-01285.txt","valid","2024-08-20_ranskalankorpi_surfaces_licor_tg10-01285.xlsx","Ränskälänkorpi","",TRUE,TRUE
"11",1192,27,"jsuominen",1,"HoliSoils","2024-08-29T13:10:43.341278Z","2024-08-21","retracted","Ränskälänkorpi","valid","2024-08-21_ranskalankorpi_surfaces_licor_tg10-01285.txt","valid","2024-08-21_ranskalankorpi_surfaces_licor_tg10-01285.xlsx","Ränskälänkorpi","",TRUE,TRUE
"12",1849,45,"msantonja",1,"HoliSoils","2024-10-29T15:46:31.956910Z","2022-10-10","retracted","Saint-Mitre","valid","2022-10-24_st_mitre_egm5_01.TXT","valid","2022-10-24_st_mitre_egm5_01.xlsx","Saint Mitre","",TRUE,TRUE
"13",1326,14,"jgarciapausas",1,"HoliSoils","2024-09-25T10:20:50.648960Z","2024-07-25","submitted","Secanella","undetermined","2024-07-25_Secanella_EGM5.TXT","invalid","2024-07-25_Secanella_EGM5.xlsx","","Fieldform read error: row 112 has duration < 30 seconds ",TRUE,FALSE
"14",1833,45,"msantonja",1,"HoliSoils","2024-10-29T14:55:24.470541Z","2023-01-01","retracted","Saint-Mitre","valid","2022-05-16_st_mitre_egm5_01.TXT","valid","2022-05-16_st_mitre_egm5_01.xlsx","Saint Mitre","",TRUE,TRUE
"15",1479,40,"cpetritan",1,"HoliSoils","2024-10-02T19:23:37.470098Z","2023-04-13","retracted","Dumbravita","valid","2023-04-13_dumbravita_egm5_01.TXT","valid","2023-04-13_dumbravita_egm5_01.xlsx","Dumbravita","",TRUE,TRUE
"16",1985,45,"msantonja",1,"HoliSoils","2024-10-31T13:23:43.681680Z","2024-05-03","retracted","St Christol","valid","2023-09-26_st_christol_egm5_02.TXT","valid","2023-09-26_st_christol_egm5_02.xlsx","St Christol","",TRUE,TRUE
"17",1591,19,"spulkka",1,"HoliSoils","2024-10-08T11:15:45.920526Z","2024-10-02","submitted","Ränskälänkorpi","valid","2024-10-02_ranskalankorpi_licor_tg20-01033.txt","valid","2024-10-02_ranskalankorpi_licor_tg20-01033.xlsx","Ränskälänkorpi","",TRUE,TRUE
"18",1909,45,"msantonja",1,"HoliSoils","2024-10-29T19:33:06.105405Z","2024-01-24","submitted","Saint-Mitre","undetermined","2024-01-24_st_mitre_egm5_02.TXT","valid","2024-01-24_st_mitre_egm5_02.xlsx","","",FALSE,TRUE
"19",1983,45,"msantonja",1,"HoliSoils","2024-10-31T12:56:43.275932Z","2024-05-03","retracted","St Christol","valid","2024-05-03_st_christol_egm5_01.TXT","valid","2024-05-03_st_christol_egm5_01.xlsx","St Christol","",TRUE,TRUE
"20",1986,45,"msantonja",1,"HoliSoils","2024-10-31T13:28:52.839020Z","2024-05-03","retracted","St Christol","valid","2024-05-03_st_christol_egm5_03.TXT","valid","2024-05-03_st_christol_egm5_03.xlsx","St Christol","",TRUE,TRUE
"21",1987,45,"msantonja",1,"HoliSoils","2024-10-31T13:30:42.631712Z","2024-05-03","retracted","St Christol","valid","2024-05-03_st_christol_egm5_02.TXT","valid","2024-05-03_st_christol_egm5_02.xlsx","St Christol","",TRUE,TRUE
"22",1988,45,"msantonja",1,"HoliSoils","2024-10-31T13:42:41.160491Z","2024-05-03","retracted","St Christol","valid","2024-05-03_st_christol_egm5_04.TXT","valid","2024-05-03_st_christol_egm5_04.xlsx","St Christol","",TRUE,TRUE
"23",1942,45,"msantonja",1,"HoliSoils","2024-10-30T11:45:48.357302Z","2023-08-22","submitted","saint christol ","undetermined","2023-08-22_st_christol_egm5_02.TXT","valid","2023-08-22_st_christol_egm5_02.xlsx","","",FALSE,TRUE
"24",1668,38,"lmattila",1,"HoliSoils","2024-10-17T09:17:45.245161Z","2024-10-15","retracted","Ränskälänkorpi","valid","2024-10-15_ranskalankorpi_ditches_licor_tg20-01033.txt","valid","2024-10-15_ranskalankorpi_ditches_licor_tg20-01033.xlsx","Ränskälänkorpi","",TRUE,TRUE
"25",1911,45,"msantonja",1,"HoliSoils","2024-10-29T19:38:42.223619Z","2024-01-24","submitted","Saint-Mitre","undetermined","2024-01-24_st_mitre_egm5_03.TXT","valid","2024-01-24_st_mitre_egm5_03.xlsx","","",FALSE,TRUE
"26",1767,45,"msantonja",1,"HoliSoils","2024-10-28T13:39:58.489932Z","2023-08-22","retracted","no comment","valid","2023-08-22_st_christol_egm5_01.TXT","valid","2023-08-22_st_christol_egm5_01.xlsx","St Christol","",TRUE,TRUE
"27",2007,45,"msantonja",1,"HoliSoils","2024-10-31T21:46:40.878887Z","2024-01-30","retracted","saint christol ","valid","2023-11-15_st_christol_egm5_01corrected.TXT","valid","2023-11-15_st_christol_egm5_01.xlsx","St Christol","",TRUE,TRUE
"28",2002,45,"msantonja",1,"HoliSoils","2024-10-31T21:40:36.492017Z","2023-11-15","retracted","saint christol ","valid","2023-07-20_st_christol_egm5_01corrected.TXT","valid","2023-07-20_st_christol_egm5_01.xlsx","St Christol","errors calculating autotrims",TRUE,TRUE
"29",2059,38,"lmattila",1,"HoliSoils","2024-11-05T09:24:21.184836Z","2023-01-01","retracted","Ränskälänkorpi","valid","2024-10-15_ranskalankorpi_surfaces_licor_tg20-01033.txt","valid","2024-10-15_ranskalankorpi_surfaces_licor_tg20-01033.xlsx","Ränskälänkorpi","",TRUE,TRUE
"30",2614,11,"fweikl",1,"HoliSoils","2025-04-17T14:46:21.625106Z","2022-10-04","submitted","incl tomst data","undetermined","KelM_22_10_04.csv","undetermined","KelM_22_10_04_ghg_field_form_done.xlsx","","",FALSE,TRUE
"31",2607,11,"fweikl",1,"HoliSoils","2025-04-17T14:42:21.112959Z","2022-05-11","submitted","incl tomst data","undetermined","KelM_22_05_11.csv","valid","KelM_22_05_11_ghg_field_form_done.xlsx","","",FALSE,TRUE
"32",2610,11,"fweikl",1,"HoliSoils","2025-04-17T14:44:13.552778Z","2022-08-01","submitted","incl tomst data","undetermined","KelM_22_08_01.csv","undetermined","KelM_22_08_01_ghg_field_form_done.xlsx","","",FALSE,TRUE
"33",2612,11,"fweikl",1,"HoliSoils","2025-04-17T14:45:13.120827Z","2022-09-01","submitted","incl tomst data","undetermined","KelM_22_09_01.csv","undetermined","KelM_22_09_01_ghg_field_form_done.xlsx","","",FALSE,TRUE
"34",2620,11,"fweikl",1,"HoliSoils","2025-04-17T16:13:51.226979Z","2022-04-13","submitted","incl tomst data","undetermined","KelS_22_04_13.csv","undetermined","KelS_22_04_13_ghg_field.xlsx","","",FALSE,TRUE
"35",2622,11,"fweikl",1,"HoliSoils","2025-04-17T16:14:30.709592Z","2022-06-30","submitted","incl tomst data","undetermined","KelS_22_06_30.csv","undetermined","KelS_22_06_30_ghg_field_form.xlsx","","",FALSE,TRUE
"36",2623,11,"fweikl",1,"HoliSoils","2025-04-17T16:15:09.109735Z","2022-07-18","submitted","incl tomst data","undetermined","KelS_22_07_18.csv","undetermined","KelS_22_07_18_ghg_field_form.xlsx","","",FALSE,TRUE
"37",2264,10,"sfilipek",1,"HoliSoils","2024-11-16T19:19:27.488553Z","2022-05-04","retracted","Netherlands","valid","ghg_data_file_holisoils_general_May_4_2022.txt","valid","ghg_field_form_holisoils_general_May_4_2022.xlsx","Kroondomein","",TRUE,TRUE
"38",2262,10,"sfilipek",1,"HoliSoils","2024-11-16T19:03:21.611681Z","2022-05-02","retracted","Netherlands","valid","ghg_data_file_holisoils_general_May_2_2022.txt","valid","ghg_field_form_holisoils_general_May_2_2022.xlsx","Zwolse Bos","",TRUE,TRUE
"39",2263,10,"sfilipek",1,"HoliSoils","2024-11-16T19:14:13.947543Z","2022-05-03","retracted","Netherlands","valid","ghg_data_file_holisoils_general_May_3_2022.txt","valid","ghg_field_form_holisoils_general_May_3_2022.xlsx","NP Hoge Veluwe Kroondomein","",TRUE,TRUE
"40",2265,10,"sfilipek",1,"HoliSoils","2024-11-16T19:24:13.540672Z","2022-05-05","retracted","Netherlands","valid","ghg_data_file_holisoils_general_May_5_2022.txt","valid","ghg_field_form_holisoils_general_May_5_2022.xlsx","NP Hoge Veluwe","",TRUE,TRUE
"41",2268,10,"sfilipek",1,"HoliSoils","2024-11-16T19:42:44.132155Z","2022-05-18","retracted","Netherlands","valid","ghg_data_file_holisoils_general_May_18_2022.txt","valid","ghg_field_form_holisoils_general_May_18_2022.xlsx","Zwolse bos","errors calculating autotrims",TRUE,TRUE
"42",2271,10,"sfilipek",1,"HoliSoils","2024-11-16T19:55:40.909208Z","2022-05-30","retracted","Netherlands","valid","ghg_data_file_holisoils_general_May_30_2022.txt","valid","ghg_field_form_holisoils_general_May_30_2022.xlsx","Zwolse bos Kroondomein","errors calculating autotrims",TRUE,TRUE
"43",2270,10,"sfilipek",1,"HoliSoils","2024-11-16T19:51:36.393860Z","2022-05-19","retracted","Netherlands","valid","ghg_data_file_holisoils_general_May_19_2022.txt","valid","ghg_field_form_holisoils_general_May_19_2022.xlsx","NP Hoge Veluwe","errors calculating autotrims",TRUE,TRUE
"44",2272,10,"sfilipek",1,"HoliSoils","2024-11-16T20:00:51.140849Z","2022-06-09","retracted","Netherlands","valid","ghg_data_file_holisoils_general_June_9_2022.txt","valid","ghg_field_form_holisoils_general_June_9_2022.xlsx"," NP Hoge Veluwe NP Hoge Veluwe","errors calculating autotrims",TRUE,TRUE
"45",2273,10,"sfilipek",1,"HoliSoils","2024-11-16T20:06:02.174923Z","2022-06-13","retracted","Netherlands","valid","ghg_data_file_holisoils_general_June_13_2022.txt","valid","ghg_field_form_holisoils_general_June_13_2022.xlsx","Zwolse bos Kroondomein","",TRUE,TRUE
"46",2275,10,"sfilipek",1,"HoliSoils","2024-11-16T20:13:11.844271Z","2022-06-14","retracted","Netherlands","valid","ghg_field_form_holisoils_general_June_14_2022.txt","valid","ghg_field_form_holisoils_general_June_14_2022.xlsx","NP Hoge Veluwe Kroondomein ","errors calculating autotrims",TRUE,TRUE
"47",2276,10,"sfilipek",1,"HoliSoils","2024-11-16T20:16:57.604270Z","2022-06-28","retracted","Netherlands","valid","ghg_data_file_holisoils_general_June_28_2022.txt","valid","ghg_data_file_holisoils_general_June_28_2022.xlsx","NP Hoge Veluwe Kroondomein ","errors calculating autotrims",TRUE,TRUE
"48",2284,10,"sfilipek",1,"HoliSoils","2024-11-16T20:54:52.243620Z","2022-08-11","retracted","Netherlands","valid","ghg_field_form_holisoils_general_August_11_2022.txt","valid","ghg_field_form_holisoils_general_August_11_2022.xlsx","NP Hoge Veluwe Kroondomein ","",TRUE,TRUE
"49",2278,10,"sfilipek",1,"HoliSoils","2024-11-16T20:21:32.679637Z","2022-06-29","retracted","Netherlands","valid","ghg_field_form_holisoils_general_June_29_2022.txt","valid","ghg_field_form_holisoils_general_June_29_2022.xlsx","Zwolse Bos","",TRUE,TRUE
"50",2279,10,"sfilipek",1,"HoliSoils","2024-11-16T20:29:43.413184Z","2022-07-11","retracted","Netherlands","valid","ghg_data_file_holisoils_general_July_11_2022.txt","valid","ghg_data_file_holisoils_general_July_11_2022.xlsx","Kroondomein  Zwolse Bos","",TRUE,TRUE
"51",2280,10,"sfilipek",1,"HoliSoils","2024-11-16T20:33:02.552412Z","2022-07-12","retracted","Netherlands","valid","ghg_field_form_holisoils_general_July_12_2022.txt","valid","ghg_field_form_holisoils_general_July_12_2022.xlsx","NP Hoge Veluwe Kroondomein ","",TRUE,TRUE
"52",2285,10,"sfilipek",1,"HoliSoils","2024-11-16T20:58:24.296700Z","2022-08-22","retracted","Netherlands","valid","ghg_data_file_holisoils_general_August_22_2022.txt","valid","ghg_data_file_holisoils_general_August_22_2022.xlsx","Kroondomein  Zwolse Bos ","",TRUE,TRUE
"53",2281,10,"sfilipek",1,"HoliSoils","2024-11-16T20:39:09.939142Z","2022-07-25","retracted","Netherlands","valid","ghg_data_file_holisoils_general_July_25_2022.txt","valid","ghg_data_file_holisoils_general_July_25_2022.xlsx","Kroondomein  Zwolse bos","",TRUE,TRUE
"54",2282,10,"sfilipek",1,"HoliSoils","2024-11-16T20:47:00.443784Z","2022-07-26","retracted","Netherlands","valid","ghg_data_file_holisoils_general_July_26_2022.txt","valid","ghg_data_file_holisoils_general_July_26_2022.xlsx","NP Hoge Veluwe","",TRUE,TRUE
"55",2283,10,"sfilipek",1,"HoliSoils","2024-11-16T20:50:13.572045Z","2022-08-08","retracted","Netherlands","valid","ghg_field_form_holisoils_general_August_8_2022.txt","valid","ghg_field_form_holisoils_general_August_8_2022.xlsx","Kroondomein  Zwolse Bos ","errors calculating autotrims",TRUE,TRUE
"56",2337,40,"cpetritan",1,"HoliSoils","2024-11-18T20:16:44.584432Z","2024-10-31","retracted","DumbravitaTrench","valid","2024-10-31_dumbravitaTrench_egm5_01.TXT","valid","2024-10-31_dumbravitaTrench_egm5_01.xlsx","DumbravitaTrench","",TRUE,TRUE
"57",2338,19,"spulkka",1,"HoliSoils","2024-11-19T08:58:31.704537Z","2024-11-14","submitted","Ränskälänkorpi","valid","2024-11-14_ranskalankorpi_licor_tg10-01285.txt","valid","2024-11-14_ranskalankorpi_licor_tg10_01285.xlsx","Ränskälänkorpi","",TRUE,TRUE
"58",2613,11,"fweikl",1,"HoliSoils","2025-04-17T14:45:48.218416Z","2022-09-12","submitted","incl tomst data","undetermined","KelM_22_09_12.csv","undetermined","KelM_22_09_12_ghg_field_form_done.xlsx","","",FALSE,TRUE
"59",2619,11,"fweikl",1,"HoliSoils","2025-04-17T16:13:12.874373Z","2022-03-28","submitted","incl tomst data","undetermined","KelS_22_03_28.csv","undetermined","KelS_22_03_28_ghg_field_form.xlsx","","",FALSE,TRUE
"60",2608,11,"fweikl",1,"HoliSoils","2025-04-17T14:42:59.316602Z","2022-06-30","submitted","incl tomst data","undetermined","KelM_22_06_30.csv","valid","KelM_22_06_30_ghg_field_form_done.xlsx","","",FALSE,TRUE
"61",2611,11,"fweikl",1,"HoliSoils","2025-04-17T14:44:48.925022Z","2022-08-16","submitted","incl tomst data","undetermined","KelM_22_08_16.csv","undetermined","KelM_22_08_16_ghg_field_form_done.xlsx","","",FALSE,TRUE
"62",2615,11,"fweikl",1,"HoliSoils","2025-04-17T14:46:54.713995Z","2022-10-18","submitted","incl tomst data","undetermined","KelM_22_10_18.csv","undetermined","KelM_22_10_18_ghg_field_form_done.xlsx","","",FALSE,TRUE
"63",2617,11,"fweikl",1,"HoliSoils","2025-04-17T14:47:51.761420Z","2022-12-07","submitted","incl tomst data","undetermined","KelM_22_12_07.csv","undetermined","KelM_22_12_07_ghg_field_form_done.xlsx","","",FALSE,TRUE
"64",2621,11,"fweikl",1,"HoliSoils","2025-04-17T16:14:10.673627Z","2022-05-11","submitted","incl tomst data","undetermined","KelS_22_05_11.csv","undetermined","KelS_22_05_11_ghg_field.xlsx","","",FALSE,TRUE
"65",2609,11,"fweikl",1,"HoliSoils","2025-04-17T14:43:40.127219Z","2022-07-18","submitted","incl tomst data","undetermined","KelM_22_07_18.csv","undetermined","KelM_22_07_18_ghg_field_form_done.xlsx","","",FALSE,TRUE
"66",2267,10,"sfilipek",1,"HoliSoils","2024-11-16T19:37:08.555969Z","2022-05-17","retracted","Netherlands","valid","ghg_data_file_holisoils_general_May_17_2022.txt","valid","ghg_field_form_holisoils_general_May_17_2022.xlsx","NP Hoge Veluwe Kroondomein ","errors calculating autotrims",TRUE,TRUE
"67",2624,11,"fweikl",1,"HoliSoils","2025-04-17T16:15:37.275148Z","2022-08-01","submitted","incl tomst data","undetermined","KelS_22_08_01.csv","undetermined","KelS_22_08_01_ghg_field_form.xlsx","","",FALSE,TRUE
"68",2626,11,"fweikl",1,"HoliSoils","2025-04-17T16:16:16.645306Z","2022-09-01","submitted","incl tomst data","undetermined","KelS_22_09_01.csv","undetermined","KelS_22_09_01_ghg_field.xlsx","","",FALSE,TRUE
"69",2627,11,"fweikl",1,"HoliSoils","2025-04-17T16:16:34.498108Z","2022-09-12","submitted","incl tomst data","undetermined","KelS_22_09_12.csv","undetermined","KelS_22_09_12_ghg_field.xlsx","","",FALSE,TRUE
"70",2628,11,"fweikl",1,"HoliSoils","2025-04-17T16:16:53.360918Z","2022-10-04","submitted","incl tomst data","undetermined","KelS_22_10_04.csv","undetermined","KelS_22_10_04_ghg_field_form.xlsx","","",FALSE,TRUE
"71",2629,11,"fweikl",1,"HoliSoils","2025-04-17T16:18:14.631990Z","2022-10-18","submitted","incl tomst data","undetermined","KelS_22_10_18.csv","undetermined","KelS_22_10_18_ghg_field_form.xlsx","","",FALSE,TRUE
"72",2630,11,"fweikl",1,"HoliSoils","2025-04-17T16:18:35.791363Z","2022-11-03","submitted","incl tomst data","undetermined","KelS_22_11_03.csv","undetermined","KelS_22_11_03_ghg_field_forml.xlsx","","",FALSE,TRUE
"73",2631,11,"fweikl",1,"HoliSoils","2025-04-17T16:18:54.378851Z","2022-12-07","submitted","incl tomst data","undetermined","KelS_22_12_07.csv","undetermined","KelS_22_12_07_ghg_field_form.xlsx","","",FALSE,TRUE
"74",2632,11,"fweikl",1,"HoliSoils","2025-04-17T17:20:02.311226Z","2022-03-24","submitted","incl tomst data","undetermined","WasM_22_03_24.csv","undetermined","WasM_22_03_24_ghg_field_form.xlsx","","",FALSE,TRUE
"75",2633,11,"fweikl",1,"HoliSoils","2025-04-17T17:20:43.808796Z","2022-04-14","submitted","incl tomst data","undetermined","WasM_22_04_14.csv","undetermined","WasM_22_04_14_ghg_field_forml.xlsx","","",FALSE,TRUE
"76",2634,11,"fweikl",1,"HoliSoils","2025-04-17T17:21:07.454103Z","2022-05-27","submitted","incl tomst data","undetermined","WasM_22_05_27.csv","undetermined","WasM_22_05_27_ghg_field_form.xlsx","","",FALSE,TRUE
"77",2635,11,"fweikl",1,"HoliSoils","2025-04-17T17:21:28.122403Z","2022-06-17","submitted","incl tomst data","undetermined","WasM_22_06_17.csv","undetermined","WasM_22_06_17_ghg_field_form.xlsx","","",FALSE,TRUE
"78",2636,11,"fweikl",1,"HoliSoils","2025-04-17T17:21:50.561115Z","2022-06-27","submitted","incl tomst data","undetermined","WasM_22_06_27.csv","undetermined","WasM_22_06_27_ghg_field_forml.xlsx","","",FALSE,TRUE
"79",2637,11,"fweikl",1,"HoliSoils","2025-04-17T17:22:12.636893Z","2022-07-19","submitted","incl tomst data","undetermined","WasM_22_07_19.csv","undetermined","WasM_22_07_19_ghg_field_forml.xlsx","","",FALSE,TRUE
"80",2638,11,"fweikl",1,"HoliSoils","2025-04-17T17:22:44.349080Z","2022-08-02","submitted","incl tomst data","undetermined","WasM_22_08_02.csv","undetermined","WasM_22_08_02_ghg_field_forml.xlsx","","",FALSE,TRUE
"81",2639,11,"fweikl",1,"HoliSoils","2025-04-17T17:23:05.054868Z","2022-08-17","submitted","incl tomst data","undetermined","WasM_22_08_17.csv","undetermined","WasM_22_08_17_ghg_field_form.xlsx","","",FALSE,TRUE
"82",2640,11,"fweikl",1,"HoliSoils","2025-04-17T17:23:25.288364Z","2022-08-30","submitted","incl tomst data","undetermined","WasM_22_08_30.csv","undetermined","WasM_22_08_30_ghg_field_form.xlsx","","",FALSE,TRUE
"83",2641,11,"fweikl",1,"HoliSoils","2025-04-17T17:23:55.482236Z","2022-09-13","submitted","incl tomst data","undetermined","WasM_22_09_13.csv","undetermined","WasM_22_09_13_ghg_field_form.xlsx","","",FALSE,TRUE
"84",2642,11,"fweikl",1,"HoliSoils","2025-04-17T17:24:36.150562Z","2022-10-07","submitted","incl tomst data","undetermined","WasM_22_10_07.csv","undetermined","WasM_22_10_07_ghg_field_form.xlsx","","",FALSE,TRUE
"85",2643,11,"fweikl",1,"HoliSoils","2025-04-17T17:24:53.734718Z","2022-10-20","submitted","incl tomst data","undetermined","WasM_22_10_20.csv","undetermined","WasM_22_10_20_ghg_field_forml.xlsx","","",FALSE,TRUE
"86",2644,11,"fweikl",1,"HoliSoils","2025-04-17T17:25:19.607755Z","2022-11-09","submitted","incl tomst data","undetermined","WasM_22_11_09.csv","valid","WasM_22_11_09_ghg_field_form.xlsx","","",FALSE,TRUE
"87",2645,11,"fweikl",1,"HoliSoils","2025-04-17T17:25:42.802170Z","2022-11-28","submitted","incl tomst data","undetermined","WasM_22_11_28.csv","undetermined","WasM_22_11_28_ghg_field_form.xlsx","","",FALSE,TRUE
"88",2646,11,"fweikl",1,"HoliSoils","2025-04-17T19:51:04.221309Z","2022-03-24","submitted","incl tomst data","undetermined","WasS_22_03_24.csv","undetermined","WasS_22_03_24_ghg_field_form.xlsx","","",FALSE,TRUE
"89",2647,11,"fweikl",1,"HoliSoils","2025-04-17T19:51:49.314064Z","2022-04-14","submitted","incl tomst data","undetermined","WasS_22_04_14.csv","undetermined","WasS_22_04_14_ghg_field_forml.xlsx","","",FALSE,TRUE
"90",2648,11,"fweikl",1,"HoliSoils","2025-04-17T19:52:14.757708Z","2022-05-27","submitted","incl tomst data","undetermined","WasS_22_05_27.csv","undetermined","WasS_22_05_27_ghg_field_forml.xlsx","","",FALSE,TRUE
"91",2649,11,"fweikl",1,"HoliSoils","2025-04-17T19:52:37.862866Z","2022-06-17","submitted","incl tomst data","undetermined","WasS_22_06_17.csv","undetermined","WasS_22_06_17_ghg_field_forml.xlsx","","",FALSE,TRUE
"92",2650,11,"fweikl",1,"HoliSoils","2025-04-17T19:53:08.838256Z","2022-06-27","submitted","incl tomst data","undetermined","WasS_22_06_27.csv","undetermined","WasS_22_06_27_ghg_field_forml.xlsx","","",FALSE,TRUE
"93",2651,11,"fweikl",1,"HoliSoils","2025-04-17T19:53:54.126192Z","2022-07-19","submitted","incl tomst data","undetermined","WasS_22_07_19.csv","undetermined","WasS_22_07_19_ghg_field_forml.xlsx","","",FALSE,TRUE
"94",2652,11,"fweikl",1,"HoliSoils","2025-04-17T19:54:12.670939Z","2022-08-02","submitted","incl tomst data","undetermined","WasS_22_08_02.csv","undetermined","WasS_22_08_02_ghg_field_form.xlsx","","",FALSE,TRUE
"95",2653,11,"fweikl",1,"HoliSoils","2025-04-17T19:54:31.735158Z","2022-08-17","submitted","incl tomst data","undetermined","WasS_22_08_17.csv","undetermined","WasS_22_08_17_ghg_field_forml.xlsx","","",FALSE,TRUE
"96",2654,11,"fweikl",1,"HoliSoils","2025-04-17T19:54:54.262260Z","2022-08-30","submitted","incl tomst data","undetermined","WasS_22_08_30.csv","undetermined","WasS_22_09_13_ghg_field_form.xlsx","","",FALSE,TRUE
"97",2655,11,"fweikl",1,"HoliSoils","2025-04-17T19:55:13.454317Z","2022-09-13","submitted","incl tomst data","undetermined","WasS_22_09_13.csv","valid","WasS_22_09_13_ghg_field_form.xlsx","","",FALSE,TRUE
"98",2656,11,"fweikl",1,"HoliSoils","2025-04-17T19:55:40.394024Z","2022-10-07","submitted","incl tomst data","undetermined","WasS_22_10_07.csv","undetermined","WasS_22_10_07_ghg_field_forml.xlsx","","",FALSE,TRUE
"99",2657,11,"fweikl",1,"HoliSoils","2025-04-17T19:55:59.761852Z","2022-10-20","submitted","incl tomst data","undetermined","WasS_22_10_20.csv","undetermined","WasS_22_10_20_ghg_field_forml.xlsx","","",FALSE,TRUE
"100",2658,11,"fweikl",1,"HoliSoils","2025-04-17T19:57:11.333123Z","2022-11-09","submitted","incl tomst data","undetermined","WasS_22_11_09.csv","undetermined","WasS_22_11_09_ghg_field_form.xlsx","","",FALSE,TRUE
"101",2659,11,"fweikl",1,"HoliSoils","2025-04-17T19:57:29.248210Z","2022-11-28","submitted","incl tomst data","undetermined","WasS_22_11_28.csv","undetermined","WasS_22_11_28_ghg_field_forml.xlsx","","",FALSE,TRUE
"102",2625,11,"fweikl",1,"HoliSoils","2025-04-17T16:15:57.760317Z","2022-08-16","submitted","incl tomst data","undetermined","KelS_22_08_16.csv","valid","KelS_22_08_16_ghg_field.xlsx","","",FALSE,TRUE
"103",2616,11,"fweikl",1,"HoliSoils","2025-04-17T14:47:24.218989Z","2022-11-03","submitted","incl tomst data","undetermined","KelM_22_11_03.csv","valid","KelM_22_11_03_ghg_field_form_done.xlsx","","",FALSE,TRUE
"104",2660,11,"fweikl",1,"HoliSoils","2025-04-19T10:59:17.707611Z","2022-03-23","submitted","KraS incl tomst data","undetermined","KraS_22_03_23.csv","undetermined","KraS_22_03_23_ghg_field_form.xlsx","","",FALSE,TRUE
"105",2661,11,"fweikl",1,"HoliSoils","2025-04-19T10:59:40.728111Z","2022-04-12","submitted","KraS incl tomst data","undetermined","KraS_22_04_12.csv","undetermined","KraS_22_04_12_ghg_field_form.xlsx","","",FALSE,TRUE
"106",2662,11,"fweikl",1,"HoliSoils","2025-04-19T10:59:59.001894Z","2022-05-05","submitted","KraS incl tomst data","undetermined","KraS_22_05_05.csv","undetermined","KraS_22_05_05_ghg_field_forml.xlsx","","",FALSE,TRUE
"107",2663,11,"fweikl",1,"HoliSoils","2025-04-19T11:00:20.660091Z","2022-05-12","submitted","KraS incl tomst data","undetermined","KraS_22_05_12.csv","undetermined","KraS_22_05_12_ghg_field_forml.xlsx","","",FALSE,TRUE
"108",2664,11,"fweikl",1,"HoliSoils","2025-04-19T11:00:44.572722Z","2022-05-05","submitted","KraS incl tomst data","undetermined","KraS_22_05_19.csv","undetermined","KraS_22_05_19_ghg_field_forml.xlsx","","",FALSE,TRUE
"109",2665,11,"fweikl",1,"HoliSoils","2025-04-19T11:01:07.129166Z","2022-06-15","submitted","KraS incl tomst data","undetermined","KraS_22_06_15.csv","undetermined","KraS_22_06_15_ghg_field_forml.xlsx","","",FALSE,TRUE
"110",2666,11,"fweikl",1,"HoliSoils","2025-04-19T11:01:26.444953Z","2022-06-21","submitted","KraS incl tomst data","undetermined","KraS_22_06_21.csv","undetermined","KraS_22_06_21_ghg_field_forml.xlsx","","",FALSE,TRUE
"111",2667,11,"fweikl",1,"HoliSoils","2025-04-19T11:01:47.471373Z","2022-07-06","submitted","KraS incl tomst data","undetermined","KraS_22_07_06.csv","undetermined","KraS_22_07_06_ghg_field_forml.xlsx","","",FALSE,TRUE
"112",2668,11,"fweikl",1,"HoliSoils","2025-04-19T11:02:20.408731Z","2022-07-20","submitted","KraS incl tomst data","undetermined","KraS_22_07_20.csv","undetermined","KraS_22_07_20_ghg_field_form.xlsx","","",FALSE,TRUE
"113",2669,11,"fweikl",1,"HoliSoils","2025-04-19T11:02:41.092614Z","2022-08-05","submitted","KraS incl tomst data","undetermined","KraS_22_08_05.csv","undetermined","KraS_22_08_05_ghg_field_form.xlsx","","",FALSE,TRUE
"114",2670,11,"fweikl",1,"HoliSoils","2025-04-19T11:03:04.911399Z","2022-08-19","submitted","KraS incl tomst data","undetermined","KraS_22_08_19.csv","undetermined","KraS_22_08_19_ghg_field_form.xlsx","","",FALSE,TRUE
"115",2671,11,"fweikl",1,"HoliSoils","2025-04-19T11:03:29.183355Z","2022-09-02","submitted","KraS incl tomst data","undetermined","KraS_22_09_02.csv","undetermined","KraS_22_09_02_ghg_field_form.xlsx","","",FALSE,TRUE
"116",2672,11,"fweikl",1,"HoliSoils","2025-04-19T11:03:55.970269Z","2022-09-19","submitted","KraS incl tomst data","undetermined","KraS_22_09_19.csv","undetermined","KraS_22_09_19_ghg_field_form.xlsx","","",FALSE,TRUE
"117",2673,11,"fweikl",1,"HoliSoils","2025-04-19T11:04:44.652303Z","2022-10-13","submitted","KraS incl tomst data","undetermined","KraS_22_10_13.csv","undetermined","KraS_22_10_13_ghg_field_form.xlsx","","",FALSE,TRUE
"118",2674,11,"fweikl",1,"HoliSoils","2025-04-19T11:05:03.738732Z","2022-11-14","submitted","KraS incl tomst data","undetermined","KraS_22_11_14.csv","undetermined","KraS_22_11_14_ghg_field_form.xlsx","","",FALSE,TRUE
"119",2675,11,"fweikl",1,"HoliSoils","2025-04-19T11:05:24.580515Z","2022-12-01","submitted","KraS incl tomst data","undetermined","KraS_22_12_01.csv","valid","KraS_22_12_01_ghg_field_form.xlsx","","",FALSE,TRUE
"120",2606,11,"fweikl",1,"HoliSoils","2025-04-17T14:40:36.682199Z","2022-04-13","submitted","incl tomst data","undetermined","KelM_22_04_13.csv","valid","KelM_22_04_13_ghg_field_form_done.xlsx","","",FALSE,TRUE
"121",2605,11,"fweikl",1,"HoliSoils","2025-04-17T14:39:50.121652Z","2022-03-28","submitted","incl tomst data","undetermined","KelM_22_03_28.csv","valid","KelM_22_03_28_ghg_field_form_done.xlsx","","",FALSE,TRUE
"122",2676,11,"fweikl",1,"HoliSoils","2025-04-23T06:55:46.658014Z","2022-03-28","submitted","TEST for using tab-delimited data file instread of comma delimited","undetermined","KelM_22_03_28_tabDelimited.csv","valid","KelM_22_03_28_ghg_field_form_done.xlsx","","",FALSE,TRUE
"123",2677,11,"fweikl",1,"HoliSoils","2025-04-23T06:57:38.463863Z","2022-03-28","submitted","TEST for using the other tab-delimited data format possible","undetermined","KelM_22_03_28_tabDelimited_v2.csv","valid","KelM_22_03_28_ghg_field_form_done.xlsx","","",FALSE,TRUE
"124",2678,11,"fweikl",1,"HoliSoils","2025-04-23T07:03:29.489092Z","2023-03-28","submitted","TEST with outdated field form that was successfull earlier on","undetermined","KelM_22_03_28.csv","valid","KelM_22_03_28_ghg_field_form_holisoils_general.xlsx","","",FALSE,TRUE
"125",3136,10,"sfilipek",1,"HoliSoils","2025-07-14T15:22:56.888737Z","2023-08-25","retracted","Netherlands","valid","ghg_data_file_holisoils_general_April_25_2023.txt","valid","ghg_field_form_holisoils_general_April_25_2023.xlsx","NP Hoge Veluwe Zwolse Bos","",TRUE,TRUE
"126",2170,45,"msantonja",1,"HoliSoils","2024-11-12T17:00:22.667320Z","2024-07-15","retracted","Saint-Mitre","valid","2024-07-15_st_mitre_egm5_02.TXT","valid","2024-07-15_st_mitre_egm5_02.xlsx","Saint Mitre","",TRUE,TRUE
"127",3372,11,"fweikl",1,"HoliSoils","2025-08-06T10:25:41.825187Z","2022-04-13","submitted","decimal separator test","undetermined","KelM_22_04_13.csv","valid","KelM_22_04_13_ghg_field_form__separatortest.xlsx","","",FALSE,TRUE
"128",3381,11,"fweikl",1,"HoliSoils","2025-08-06T12:33:36.193301Z","2023-01-01","submitted","test with original files from 2022","undetermined","KelM_22_03_28.csv","valid","KelM_22_03_28_ghg_field_form_holisoils_general.xlsx","","",FALSE,TRUE
"129",3373,11,"fweikl",1,"HoliSoils","2025-08-06T10:31:14.958951Z","2022-03-28","submitted","testing another licor format","undetermined","KelM_22_03_28_tabDelimTest.csv","valid","KelM_22_03_28_ghg_field_form_done.xlsx","","",FALSE,TRUE
"130",3374,11,"fweikl",1,"HoliSoils","2025-08-06T10:34:07.195396Z","2022-03-28","submitted","testing comma formatting Date file","undetermined","KelM_22_03_28_commaDelimTest.csv","valid","KelM_22_03_28_ghg_field_form_done.xlsx","","",FALSE,TRUE
"131",3436,17,"akuningas",1,"HoliSoils","2025-08-15T06:51:16.171380Z","2025-08-14","submitted","Ränskälänkorpi ditches 14.08.2025","valid","2025-08-14_ranskalankorpi_ditches_licor_TG10-01285.txt","valid","2025-08-14_ranskalankorpi_ditches_licor_TG10-01285.xlsx","Ränskälänkorpi","errors calculating autotrims",TRUE,TRUE
